company_id,company_name,listing_date,security_name,security_symbol,security_symbol_id,security_type,subsector_name
29,"2GO Group, Inc.",1995-05-15 00:00:00.000,"2GO GROUP, INC.",2GO,146,S,13
626,"8990 Holdings, Inc.",2017-12-01 00:00:00.000,"8990 Holdings, Inc. Series A Perpetual Preferred Shares",8990P,637,P,9
626,"8990 Holdings, Inc.",2010-12-09 00:00:00.000,"8990 HOLDINGS, INC.",HOUSE,563,S,9
13,"A Brown Company, Inc.",1994-02-08 00:00:00.000,"A. BROWN COMPANY, INC.",BRN,234,S,9
14,A. Soriano Corporation,1973-10-25 00:00:00.000,A. SORIANO CORPORATION,ANS,169,S,8
114,ABS-CBN Corporation,1992-07-08 00:00:00.000,ABS-CBN CORPORATION,ABS,123,S,10
15,ABS-CBN Holdings Corporation,1999-10-07 00:00:00.000,ABS-CBN HOLDINGS CORPORATION - PHIL. DEPOSIT RECEIPTS,ABSP,259,R,10
233,"AC Energy Philippines, Inc.",1970-01-05 00:00:00.000,"AC Energy Philippines, Inc.",ACEPH,140,S,3
653,"ACE Enexor, Inc",2014-08-28 00:00:00.000,"ACE Enexor, Inc.",ACEX,599,S,18
177,"APC Group, Inc.",1994-03-08 00:00:00.000,"APC GROUP, INC.",APC,182,S,16
56,"ATN Holdings, Inc.",1970-09-24 00:00:00.000,"ATN HOLDINGS, INC. ""A""",ATN,176,S,8
56,"ATN Holdings, Inc.",1970-09-24 00:00:00.000,"ATN HOLDINGS, INC. ""B""",ATNB,175,S,8
174,"AbaCore Capital Holdings, Inc.",1987-10-28 00:00:00.000,"ABACORE CAPITAL HOLDINGS, INC.",ABA,173,S,8
16,"Aboitiz Equity Ventures, Inc.",1994-11-16 00:00:00.000,"ABOITIZ EQUITY VENTURES, INC.",AEV,183,S,8
609,Aboitiz Power Corporation,2007-07-16 00:00:00.000,ABOITIZ POWER CORP.,AP,532,S,3
33,Abra Mining and Industrial Corporation,1969-12-24 00:00:00.000,ABRA MINING & INDUSTRIAL CORPORATION,AR,321,S,17
48,Acesite (Phils.) Hotel Corporation,1986-12-05 08:03:44.855,ACESITE (PHILIPPINES) HOTEL CORPORATION,ACE,370,S,14
619,"AgriNurture, Inc.",2009-05-25 00:00:00.000,"AGRINURTURE, INC.",ANI,547,S,4
674,AllHome Corp.,2019-10-10 00:00:00.000,AllHome Corp.,HOME,647,S,26
212,"Alliance Global Group, Inc.",1999-04-19 00:00:00.000,"ALLIANCE GLOBAL GROUP, INC.",AGI,179,S,8
602,"Alliance Select Foods International, Inc.",2006-11-08 00:00:00.000,"ALLIANCE SELECT FOODS INTERNATIONAL, INC.",FOOD,524,S,4
121,"Alsons Consolidated Resources, Inc.",1993-04-12 00:00:00.000,"ALSONS CONSOLIDATED RESOURCES, INC.",ACR,170,S,3
612,"Anchor Land Holdings, Inc.",2007-08-08 00:00:00.000,"ANCHOR LAND HOLDINGS, INC.",ALHI,536,S,9
52,Anglo Philippine Holdings Corporation,1959-07-31 00:00:00.000,ANGLO PHILIPPINE HOLDINGS CORPORATION,APO,171,S,8
178,"Apex Mining Co., Inc.",1974-03-07 00:00:00.000,"APEX MINING COMPANY, INC. ""A""",APX,318,S,17
638,"Apollo Global Capital, Inc.",2012-10-18 00:00:00.000,"APOLLO GLOBAL CAPITAL, INC.",APL,581,S,12
38,"Araneta Properties, Inc.",1989-11-14 00:00:00.000,"ARANETA PROPERTIES, INC.",ARA,294,S,9
172,Arthaland Corporation,1996-03-19 00:00:00.000,ARTHALAND CORPORATION,ALCO,316,S,9
172,Arthaland Corporation,2016-12-06 00:00:00.000,"ARTHALAND CORPORATION SERIES ""B"" PERPETUAL PREFERRED SHARES",ALCPB,630,P,9
172,Arthaland Corporation,2019-06-27 00:00:00.000,"Arthaland Corporation Series ""C"" Perpetual Preferred Shares",ALCPC,644,P,26
55,Asia Amalgamated Holdings Corporation,1973-03-22 00:00:00.000,ASIA AMALGAMATED HOLDINGS,AAA,347,S,8
641,Asia United Bank Corporation,2013-05-17 00:00:00.000,ASIA UNITED BANK CORPORATION,AUB,584,S,1
176,Asiabest Group International Inc.,1979-07-10 00:00:00.000,ASIABEST GROUP INTERNATIONAL INC.,ABG,350,S,8
53,"Asian Terminals, Inc.",1996-01-25 00:00:00.000,"ASIAN TERMINALS, INC.",ATI,141,S,13
34,Atlas Consolidated Mining and Development Corporation,1970-11-17 00:00:00.000,ATLAS CONSOLIDATED MINING & DEVELOPMENT CORPORATION,AT,320,S,17
19,"Atok-Big Wedge Co., Inc.",1948-01-08 00:00:00.000,"ATOK-BIG WEDGE COMPANY, INC. ""A""",AB,181,S,17
673,Axelum Resources Corp.,2019-10-07 00:00:00.000,Axelum Resources Corp.,AXLM,646,S,4
57,Ayala Corporation,1976-11-08 00:00:00.000,AYALA CORPORATION,AC,180,S,8
57,Ayala Corporation,2008-11-25 00:00:00.000,"AYALA CORPORATION PREFERRED CLASS ""A"" SHARES",ACPA,546,P,8
57,Ayala Corporation,2006-07-21 00:00:00.000,"AYALA CORPORATION PREFERRED CLASS ""B"" SHARES",ACPB1,523,P,8
57,Ayala Corporation,2019-11-29 00:00:00.000,"Ayala Corporation Class ""B"" Series 2 Preferred Shares",APB2R,651,P,8
180,"Ayala Land, Inc.",1991-07-05 00:00:00.000,"AYALA LAND, INC.",ALI,293,S,9
26,AyalaLand Logistics Holdings Corp.,1990-02-28 00:00:00.000,AyalaLand Logistics Holdings Corp.,ALLHC,202,S,8
31,"BDO Leasing and Finance, Inc.",1997-01-06 00:00:00.000,"BDO LEASING & FINANCE, INC.",BLFI,121,S,2
260,"BDO Unibank, Inc.",2002-05-21 00:00:00.000,"BDO UNIBANK, INC.",BDO,468,S,1
62,"BHI Holdings, Inc.",1973-04-02 00:00:00.000,"BHI HOLDINGS, INC.",BH,358,S,8
234,Bank of the Philippine Islands,1971-10-12 00:00:00.000,BANK OF THE PHILIPPINE ISLANDS,BPI,101,S,1
60,Basic Energy Corporation,1973-10-16 00:00:00.000,BASIC ENERGY CORPORATION,BSC,188,S,3
21,Belle Corporation,1977-02-02 00:00:00.000,BELLE CORPORATION,BEL,252,S,9
108,Benguet Corporation,1950-01-04 00:00:00.000,"BENGUET CORPORATION ""A""",BC,353,S,17
108,Benguet Corporation,1950-01-04 00:00:00.000,"BENGUET CORPORATION ""B""",BCB,322,S,17
108,Benguet Corporation,1974-05-29 00:00:00.000,BENGUET CORPORATION - 8% CUMULATIVE CONVERTIBLE PREF. A,BCP,354,P,17
9,Berjaya Philippines Inc.,1948-11-29 00:00:00.000,"BERJAYA PHILIPPINES, INC.",BCOR,391,S,25
49,Bloomberry Resorts Corporation,2000-10-17 00:00:00.000,BLOOMBERRY RESORTS CORPORATION,BLOOM,233,S,25
181,"Bogo-Medellin Milling Company, Inc.",1950-11-16 00:00:00.000,BOGO-MEDELLIN MILLING COMPANY,BMM,359,S,4
63,"Boulevard Holdings, Inc.",1997-04-28 00:00:00.000,"BOULEVARD HOLDINGS, INC.",BHI,187,S,14
66,Bright Kindle Resources & Investments Inc.,1995-03-21 00:00:00.000,BRIGHT KINDLE RESOURCES & INVESTMENTS INC.,BKR,116,S,2
601,"COL Financial Group, Inc.",2006-07-12 00:00:00.000,"COL FINANCIAL GROUP, INC.",COL,522,S,2
624,"Cebu Air, Inc.",2010-10-26 00:00:00.000,"CEBU AIR, INC.",CEB,560,S,13
110,"Cebu Holdings, Incorporated",1994-02-14 00:00:00.000,"CEBU HOLDINGS, INC.",CHI,298,S,9
668,"Cebu Landmasters, Inc.",2017-06-02 00:00:00.000,"CEBU LANDMASTERS, INC.",CLI,635,S,9
182,Cebu Property Ventures and Development Corporation,1992-03-03 00:00:00.000,"CEBU PROPERTY VENTURE & DEVELOPMENT ""A""",CPV,296,S,9
182,Cebu Property Ventures and Development Corporation,1992-03-03 00:00:00.000,"CEBU PROPERTY VENTURE & DEVELOPMENT ""B""",CPVB,368,S,9
662,"Cemex Holdings Philippines, Inc.",2016-07-18 00:00:00.000,"Cemex Holdings Philippines, Inc.",CHP,625,S,5
183,"Central Azucarera de Tarlac, Inc.",1977-04-12 00:00:00.000,CENTRAL AZUCARERA DE TARLAC,CAT,366,S,4
223,Centro Escolar University,1986-11-10 00:00:00.000,CENTRO ESCOLAR UNIVERSITY,CEU,291,S,15
652,"Century Pacific Food, Inc.",2014-05-06 00:00:00.000,"CENTURY PACIFIC FOOD, INC.",CNPF,597,S,4
621,Century Peak Holdings Corporation,2009-10-06 00:00:00.000,Century Peak Holdings Corporation,CPM,549,S,17
189,"Century Properties Group, Inc.",1976-06-16 00:00:00.000,CENTURY PROPERTIES GROUP INC.,CPG,219,S,9
189,"Century Properties Group, Inc.",2020-01-10 00:00:00.000,"Century Properties Group, Inc. Preferred A Shares",CPGP,652,P,9
669,Chelsea Logistics and Infrastracture Holdings Corp.,2017-08-08 00:00:00.000,Chelsea Logistics and Infrastracture Holdings Corp.,C,636,S,13
22,"Chemical Industries of the Philippines, Inc.",1985-11-21 00:00:00.000,CHEMICAL INDUSTRIES OF THE PHILIPPINES,CIP,367,S,6
184,China Banking Corporation,1927-09-01 00:00:00.000,CHINA BANKING CORPORATION,CHIB,104,S,1
630,Cirtek Holdings Philippines Corporation,2017-12-08 00:00:00.000,Cirtek Holdings Philippines CorporationUS Dollar-Denomination Preferred B-2 Shares,TECB2,638,P,24
630,Cirtek Holdings Philippines Corporation,2011-11-18 00:00:00.000,CIRTEK HOLDINGS PHILIPPINES CORPORATION,TECH,569,S,24
209,"City & Land Developers, Incorporated",1999-12-13 00:00:00.000,"CITY & LAND DEVELOPERS, INC.",LAND,308,S,9
39,Cityland Development Corporation,1983-08-02 00:00:00.000,CITYLAND DEVELOPMENT CORPORATION,CDC,297,S,9
228,"Citystate Savings Bank, Inc.",2002-01-03 00:00:00.000,"CITYSTATE SAVINGS BANK, INC.",CSB,457,S,1
637,Coal Asia Holdings Incorporated,2012-10-23 00:00:00.000,COAL ASIA HOLDINGS INC.,COAL,580,S,17
648,Concepcion Industrial Corporation ,2013-11-27 00:00:00.000,CONCEPCION INDUSTRIAL CORPORATION,CIC,591,S,24
213,Concrete Aggregates Corporation,1972-10-20 00:00:00.000,"CONCRETE AGGREGATES CORPORATION ""A""",CA,361,S,5
213,Concrete Aggregates Corporation,1973-04-02 00:00:00.000,"CONCRETE AGGREGATES CORPORATION ""B""",CAB,362,S,5
50,"Cosco Capital, Inc.",1988-09-26 00:00:00.000,"COSCO CAPITAL, INC.",COSCO,178,S,8
657,Crown Asia Chemicals Corporation,2015-04-27 00:00:00.000,Crown Asia Chemicals Corporation,CROWN,611,S,6
186,"Crown Equities, Inc.",1994-08-16 00:00:00.000,"CROWN EQUITIES, INC.",CEI,191,S,9
67,Cyber Bay Corporation,1991-03-19 00:00:00.000,CYBER BAY CORPORATION,CYBR,295,S,9
639,"D&L Industries, Inc.",2012-12-12 00:00:00.000,"D&L INDUSTRIES, INC.",DNL,582,S,4
671,"D.M. WENCESLAO & ASSOCIATES, INCORPORATED",2018-06-29 00:00:00.000,"D.M. WENCESLAO & ASSOCIATES, INCORPORATED",DMW,641,S,9
187,"DFNN, Inc.",2000-10-30 00:00:00.000,"DFNN, INC.",DFNN,125,S,12
36,DITO CME Holdings Corp.,1975-10-01 00:00:00.000,DITO CME HOLDINGS CORPORATION,DITO,324,S,12
188,"DMCI Holdings, Inc.",1995-12-18 00:00:00.000,"DMCI HOLDINGS, INC.",DMC,192,S,8
188,"DMCI Holdings, Inc.",1997-04-07 00:00:00.000,"DMCI HOLDINGS, INC. - CUMULATIVE CONVERTIBLE PREF.",DMCP,261,P,8
2,"Da Vinci Capital Holdings, Inc.",1991-09-03 00:00:00.000,"DA VINCI CAPITAL HOLDINGS, INC.",DAVIN,150,S,5
642,Del Monte Pacific Limited,2013-06-10 00:00:00.000,DEL MONTE PACIFIC LIMITED,DELM,585,S,4
642,Del Monte Pacific Limited,2017-04-07 00:00:00.000,DEL MONTE PACIFIC LIMITED U.S. DOLLAR DENOMINATED SERIES A-1 PREFERENCE SHARES,DMPA1,633,P,4
642,Del Monte Pacific Limited,2017-12-15 00:00:00.000,Del Monte Pacific Limited U.S. Dollar Denominated Series A-2 Preference Shares,DMPA2,639,P,4
647,Discovery World Corporation ,2013-11-21 00:00:00.000,DISCOVERY WORLD CORPORATION,DWC,590,S,14
68,"Dizon Copper-Silver Mines, Inc.",1988-02-10 00:00:00.000,"DIZON COPPER SILVER MINES, INC.",DIZ,323,S,17
651,Doubledragon Properties Corp.,2014-04-07 00:00:00.000,DOUBLEDRAGON PROPERTIES CORP.,DD,596,S,9
651,Doubledragon Properties Corp.,2016-07-26 00:00:00.000,Doubledragon Properties Corp. Perpetual Preferred Shares,DDPR,626,P,9
71,EEI Corporation,1975-07-21 00:00:00.000,EEI CORPORATION,EEI,148,S,5
667,Eagle Cement Corporation,2017-05-29 00:00:00.000,EAGLE CEMENT CORPORATION,EAGLE,634,S,5
634,East West Banking Corporation,2012-05-07 00:00:00.000,EAST WEST BANKING CORPORATION,EW,573,S,1
70,"EasyCall Communications Philippines, Inc.",1992-05-05 00:00:00.000,"EASYCALL COMMUNICATIONS PHILS., INC.",ECP,126,S,16
632,Emperador Inc.,2011-12-19 00:00:00.000,EMPERADOR INC.,EMP,571,S,4
190,"Empire East Land Holdings, Inc.",1996-06-28 00:00:00.000,"EMPIRE EAST LAND HOLDINGS, INC.",ELI,300,S,9
219,"Euro-Med Laboratories Phil., Inc.",1998-07-02 00:00:00.000,"EURO-MED LABORATORIES PHILS., INC.",EURO,236,S,6
191,"Ever-Gotesco Resources and Holdings, Inc.",1996-09-16 00:00:00.000,"EVER-GOTESCO RESOURCES & HOLDINGS, INC.",EVER,193,S,9
171,"Export and Industry Bank, Inc.",1987-01-28 00:00:00.000,"EXPORT AND INDUSTRY BANK, INC.",EIBA,414,S,1
171,"Export and Industry Bank, Inc.",2008-01-16 00:00:00.000,"EXPORT AND INDUSTRY BANK ""B""",EIBB,542,S,1
225,F & J Prince Holdings Corporation,1982-12-08 00:00:00.000,"F & J PRINCE HOLDINGS CORPORATION ""A""",FJP,196,S,8
225,F & J Prince Holdings Corporation,1982-12-08 00:00:00.000,"F & J PRINCE HOLDINGS CORPORATION ""B""",FJPB,371,S,8
25,"Far Eastern University, Incorporated",1986-07-11 00:00:00.000,"FAR EASTERN UNIVERSITY, INC.",FEU,292,S,15
643,"Ferronoux Holdings, Inc.",2013-08-13 00:00:00.000,"Ferronoux Holdings, Inc.",FERRO,586,S,2
75,Filinvest Development Corporation,1982-12-22 00:00:00.000,FILINVEST DEVELOPMENT CORPORATION,FDC,199,S,8
226,"Filinvest Land, Inc.",1993-10-25 00:00:00.000,"FILINVEST LAND, INC.",FLI,302,S,9
196,"Filipino Fund, Inc.",1995-09-27 00:00:00.000,"FILIPINO FUND, INC.",FFI,117,S,2
80,Filsyn Corporation,1975-06-03 00:00:00.000,"FILSYN CORPORATION ""A""",FYN,372,S,7
80,Filsyn Corporation,1975-06-03 00:00:00.000,"FILSYN CORPORATION ""B""",FYNB,373,S,7
81,First Abacus Financial Holdings Corporation,1994-11-17 00:00:00.000,FIRST ABACUS FINANCIAL HOLDINGS CORP.,FAF,118,S,2
600,First Gen Corporation,2006-02-10 00:00:00.000,FIRST GEN CORPORATION,FGEN,521,S,3
600,First Gen Corporation,2012-05-17 00:00:00.000,FIRST GEN CORPORATION (PREFERRED),FGENG,575,P,3
649,"First Metro Philippine Equity Exchange Traded Fund, Inc.",2013-12-02 00:00:00.000,"FIRST METRO PHILIPPINE EQUITY EXCHANGE TRADED FUND, INC.",FMETF,592,S,27
197,First Philippine Holdings Corporation,1963-05-23 00:00:00.000,FIRST PHILIPPINE HOLDINGS CORPORATION,FPH,197,S,3
197,First Philippine Holdings Corporation,2014-12-15 00:00:00.000,"First Philippine Holdings Corporation Series ""C"" Preferred Shares",FPHPC,609,P,3
220,"Forum Pacific, Inc.",1994-12-19 00:00:00.000,"FORUM PACIFIC, INC.",FPI,200,S,8
676,"Fruitas Holdings, Inc.",2019-11-29 00:00:00.000,"Fruitas Holdings, Inc.",FRUIT,650,S,4
198,"GEOGRACE Resources Philippines, Inc.",1972-02-07 00:00:00.000,"GEOGRACE RESOURCES PHILIPPINES, INC.",GEO,201,S,17
611,"GMA Holdings, Inc.",2007-07-30 00:00:00.000,"GMA HOLDINGS, INC. (PDR)",GMAP,534,R,10
610,"GMA Network, Inc.",2007-07-30 00:00:00.000,"GMA NETWORK, INC. (COMMON)",GMA7,533,S,10
633,"GT Capital Holdings, Inc.",2012-04-20 00:00:00.000,"GT CAPITAL HOLDINGS, INC.",GTCAP,572,S,8
633,"GT Capital Holdings, Inc.",2016-10-27 00:00:00.000,"GT CAPITAL HOLDINGS, INC. NON-VOTING PERPETUAL PREFERRED SHARES SERIES ""A""",GTPPA,627,P,8
633,"GT Capital Holdings, Inc.",2016-10-27 00:00:00.000,"GT CAPITAL HOLDINGS, INC. NON-VOTING PERPETUAL PREFERRED SHARES SERIES ""B""",GTPPB,628,P,8
94,"Ginebra San Miguel,  Inc.",1995-04-18 00:00:00.000,"GINEBRA SAN MIGUEL, INC.",GSMI,160,S,4
224,"Global Ferronickel Holdings, Inc.",1994-12-14 00:00:00.000,"GLOBAL FERRONICKEL HOLDINGS, INC.",FNI,190,S,17
193,"Global-Estate Resorts, Inc.",1995-11-23 00:00:00.000,"GLOBAL-ESTATE RESORTS, INC.",GERI,307,S,9
129,"Globalport 900, Inc.",1948-06-09 07:48:57.155,"GLOBALPORT 900, INC.",PORT,384,S,13
69,"Globe Telecom, Inc.",1975-08-11 00:00:00.000,"GLOBE TELECOM, INC.",GLO,127,S,11
69,"Globe Telecom, Inc.",2001-06-29 00:00:00.000,"GLOBE TELECOM, INC. - PREFERRED A",GLOPA,473,P,11
69,"Globe Telecom, Inc.",2014-08-22 00:00:00.000,"Globe Telecom, Inc. Series A Non-Voting Perpetual Preferred Shares",GLOPP,598,P,11
661,"Golden Bria Holdings, Inc.",2016-06-29 00:00:00.000,"Golden Bria Holdings, Inc.",HVN,624,S,16
221,Grand Plaza Hotel Corporation,1992-12-10 00:00:00.000,GRAND PLAZA HOTEL CORPORATION,GPH,255,S,14
132,Greenergy Holdings Incorporated,1996-09-26 08:05:05.702,GREENERGY HOLDINGS INCORPORATED,GREEN,243,S,24
644,"Harbor Star Shipping Services, Inc. ",2013-10-30 00:00:00.000,"HARBOR STAR SHIPPING SERVICES, INC.",TUGS,587,S,13
211,"Holcim Philippines, Inc.",1996-06-17 00:00:00.000,"HOLCIM PHILIPPINES, INC.",HLCM,155,S,5
82,"House of Investments, Inc.",1962-07-02 00:00:00.000,"HOUSE OF INVESTMENTS, INC.",HI,203,S,8
613,"I-Remit, Inc.",2007-10-17 00:00:00.000,"I-REMIT, INC.",I,538,S,2
623,"IP E-Game Ventures, Inc.",2010-02-17 00:00:00.000,"IP E-GAME VENTURES, INC.",EG,552,S,25
4,"IPM Holdings, Inc..",1998-06-17 00:00:00.000,"IPM HOLDINGS, INC.",IPM,218,S,16
201,"Imperial Resources, Inc.",1970-08-31 00:00:00.000,"IMPERIAL RESOURCES, INC.",IMP,336,S,12
622,"Integrated Micro-Electronics, Inc.",2010-01-21 00:00:00.000,"INTEGRATED MICRO-ELECTRONICS, INC.",IMI,551,S,24
83,"International Container Terminal Services, Inc.",1992-03-23 00:00:00.000,"INTERNATIONAL CONTAINER TERMINAL SERVICES, INC.",ICT,142,S,13
203,"Ionics, Inc.",1995-07-18 00:00:00.000,"IONICS, INC.",ION,204,S,24
204,"Island Information & Technology, Inc.",1988-12-06 00:00:00.000,"ISLAND INFORMATION AND TECHNOLOGY, INC.",IS,128,S,12
660,Italpinas Development Corporation,2015-12-07 00:00:00.000,Italpinas Development Corporation,IDC,617,S,21
210,"JG Summit Holdings, Inc.",1993-08-09 00:00:00.000,"JG SUMMIT HOLDINGS, INC.",JGS,207,S,8
134,"Jackstones, Inc.",1967-10-27 00:00:00.000,"JACKSTONES, INC.",JAS,392,S,12
86,Jollibee Foods Corporation,1993-07-14 00:00:00.000,JOLLIBEE FOODS CORPORATION,JFC,158,S,4
261,Jolliville Holdings Corporation,2002-06-17 00:00:00.000,JOLLIVILLE HOLDINGS CORPORATION,JOH,470,S,8
87,"Keppel Philippines Holdings, Inc.",1987-08-26 00:00:00.000,"KEPPEL PHILIPPINE HOLDINGS, INC. ""A""",KPH,208,S,8
87,"Keppel Philippines Holdings, Inc.",1987-08-26 00:00:00.000,"KEPPEL PHILIPPINE HOLDINGS, INC. ""B""",KPHB,209,S,8
88,"Keppel Philippines Properties, Inc.",1989-09-11 00:00:00.000,"KEPPEL PHILIPPINES PROPERTIES, INC.",KEP,306,S,9
672,"Kepwealth Property Phils., Inc.",2019-08-19 00:00:00.000,"Kepwealth Property Phils., Inc.",KPPI,645,S,21
236,"LBC Express Holdings, Inc.",2001-12-21 00:00:00.000,"LBC EXPRESS HOLDINGS, INC.",LBC,469,S,13
205,LMG Chemicals Corporation,1986-01-07 00:00:00.000,LMG CHEMICALS CORPORATION,LMG,379,S,6
12,"LT Group, Inc.",1947-11-07 00:00:00.000,"LT GROUP, INC.",LTG,225,S,8
96,Leisure & Resorts World Corporation,1958-04-17 00:00:00.000,LEISURE & RESORTS WORLD CORPORATION,LR,253,S,25
96,Leisure & Resorts World Corporation,2013-12-20 00:00:00.000,LEISURE AND RESORTS WORLD CORPORATION PREFERRED SHARES,LRP,593,P,25
96,Leisure & Resorts World Corporation,2013-12-20 00:00:00.000,LEISURE AND RESORTS WORLD CORPORATION WARRANTS,LRW,594,W,25
98,Lepanto Consolidated Mining Company,1947-04-30 00:00:00.000,"LEPANTO CONSOLIDATED MINING COMPANY ""A""",LC,326,S,17
98,Lepanto Consolidated Mining Company,1947-04-30 00:00:00.000,"LEPANTO CONSOLIDATED MINING COMPANY ""B""",LCB,327,S,17
227,"Liberty Flour Mills, Inc.",1985-04-25 00:00:00.000,"LIBERTY FLOUR MILLS, INC.",LFM,159,S,4
37,Lodestar Investment Holdings Corporation,1989-05-26 00:00:00.000,LODESTAR INVESTMENT HOLDINGS CORPORATION,LIHC,377,S,8
61,Lopez Holdings Corporation,1993-11-25 00:00:00.000,LOPEZ HOLDINGS CORPORATION,LPZ,186,S,8
115,Lorenzo Shipping Corporation,1996-07-22 00:00:00.000,LORENZO SHIPPING CORPORATION,LSC,144,S,13
126,"MEDCO Holdings, Inc.",1975-11-18 00:00:00.000,"MEDCO HOLDINGS, INC.",MED,383,S,2
24,MJC Investments Corporation,1955-11-11 00:00:00.000,MJC INVESTMENTS CORPORATION,MJIC,194,S,8
131,"MRC Allied, Inc.",1995-05-18 00:00:00.000,MRC ALLIED INCORPORATED,MRC,309,S,9
206,Mabuhay Holdings Corporation,1990-10-22 00:00:00.000,MABUHAY HOLDINGS CORPORATION,MHC,217,S,8
100,Mabuhay Vinyl Corporation,1997-02-05 00:00:00.000,MABUHAY VINYL CORPORATION,MVC,242,S,6
145,"Macay Holdings, Inc.",1987-01-28 00:00:00.000,"MACAY HOLDINGS, INC.",MACAY,221,S,4
106,MacroAsia Corporation,1970-05-21 00:00:00.000,MACROASIA CORPORATION,MAC,212,S,13
263,Makati Finance Corporation,2003-01-06 00:00:00.000,MAKATI FINANCE CORPORATION,MFIN,503,S,21
117,Manila Broadcasting Company,1949-10-08 00:00:00.000,MANILA BROADCASTING COMPANY,MBC,382,S,10
1,Manila Bulletin Publishing Corporation,1990-04-18 00:00:00.000,MANILA BULLETIN PUBLISHING CORPORATION,MB,130,S,10
118,Manila Electric Company,1992-01-08 00:00:00.000,MANILA ELECTRIC COMPANY,MER,137,S,3
102,"Manila Jockey Club, Inc.",1963-10-11 00:00:00.000,"MANILA JOCKEY CLUB, INC.",MJC,256,S,25
119,Manila Mining Corporation,1959-12-17 00:00:00.000,"MANILA MINING CORPORATION ""A""",MA,328,S,17
119,Manila Mining Corporation,1959-12-17 00:00:00.000,"MANILA MINING CORPORATION ""B""",MAB,329,S,17
270,"Manila Water Company, Inc.",2005-03-18 00:00:00.000,"MANILA WATER COMPANY, INC.",MWC,518,S,3
120,Manulife Financial Corporation,1999-09-27 00:00:00.000,MANULIFE FINANCIAL CORPORATION,MFC,120,S,2
175,"Marcventures Holdings, Inc.",1958-01-10 00:00:00.000,"MARCVENTURES HOLDINGS, INC.",MARC,177,S,17
135,"Max's Group, Inc.",2000-12-15 00:00:00.000,"Max's Group, Inc.",MAXS,163,S,4
627,Megawide Construction Corporation,2011-02-18 00:00:00.000,MEGAWIDE CONSTRUCTION CORP.,MWIDE,564,S,5
627,Megawide Construction Corporation,2014-12-03 00:00:00.000,Megawide Construction Corporation Perpetual Preferred Shares,MWP,608,P,5
127,Megaworld Corporation,1994-06-15 00:00:00.000,MEGAWORLD CORPORATION,MEG,215,S,9
3,Metro Alliance Holdings & Equities Corp.,1947-12-08 00:00:00.000,"METRO ALLIANCE HOLDINGS & EQUITIES CORP. ""A""",MAH,241,S,13
3,Metro Alliance Holdings & Equities Corp.,1947-12-08 00:00:00.000,"METRO ALLIANCE HOLDINGS & EQUITIES CORP. ""B""",MAHB,240,S,13
192,Metro Global Holdings Corporation,1964-05-04 00:00:00.000,Metro Global Holdings Corporation,MGH,198,S,8
604,Metro Pacific Investments Corporation,2006-12-15 00:00:00.000,METRO PACIFIC INVESTMENTS CORPORATION,MPI,526,S,8
659,"Metro Retail Stores Group, Inc.",2015-11-24 00:00:00.000,"Metro Retail Stores Group, Inc.",MRSGI,616,S,26
128,Metropolitan Bank & Trust Company,1981-02-26 00:00:00.000,METROPOLITAN BANK & TRUST COMPANY,MBT,108,S,1
105,"Millennium Global Holdings, Inc.",1976-03-01 00:00:00.000,"MILLENNIUM GLOBAL HOLDINGS, INC.",MG,214,S,4
606,National Reinsurance Corporation of the Philippines,2007-04-27 00:00:00.000,NATIONAL REINSURANCE CORPORATION OF THE PHILIPPINES,NRCP,529,S,2
179,NextGenesis Corporation,1996-10-08 00:00:00.000,NEXTGENESIS CORPORATION,NXGEN,100,S,1
103,"NiHAO Mineral Resources International, Inc.",1990-10-03 00:00:00.000,"NIHAO MINERAL RESOURCES INTERNATIONAL, INC.",NI,213,S,17
625,Nickel Asia Corporation,2010-11-22 00:00:00.000,NICKEL ASIA CORPORATION,NIKL,561,S,17
264,Now Corporation,2003-07-23 00:00:00.000,NOW CORPORATION,NOW,510,S,12
207,Omico Corporation,1969-05-02 00:00:00.000,OMICO CORPORATION,OM,330,S,17
616,"Oriental Peninsula Resources Group, Inc.",2007-12-19 00:00:00.000,"ORIENTAL PENINSULA RESOURCES GROUP, INC.",ORE,541,S,17
43,Oriental Petroleum and Minerals Corporation,1970-10-14 00:00:00.000,"ORIENTAL PETROLEUM AND MINERALS CORPORATION ""A""",OPM,338,S,18
43,Oriental Petroleum and Minerals Corporation,1970-10-14 00:00:00.000,"ORIENTAL PETROLEUM AND MINERALS CORPORATION ""B""",OPMB,339,S,18
20,"PAL Holdings, Inc.",1954-01-04 00:00:00.000,"PAL HOLDINGS, INC.",PAL,189,S,13
631,"PH Resorts Group Holdings, Inc.",2011-11-24 00:00:00.000,"PH Resorts Group Holdings, Inc.",PHR,570,S,25
99,"PICOP Resources, Inc.",1973-10-29 00:00:00.000,"PICOP RESOURCES, INC.",PCP,245,S,7
663,PILIPINAS SHELL PETROLEUM CORPORATION,2016-11-03 00:00:00.000,PILIPINAS SHELL PETROLEUM CORPORATION,SHLPH,629,S,3
6,PLDT Inc.,2003-07-16 00:00:00.000,PLDT Inc.,DTEL,509,S,11
6,PLDT Inc.,1953-09-17 00:00:00.000,PLDT Inc.,TEL,134,S,11
6,PLDT Inc.,2014-10-15 00:00:00.000,PLDT CONV. SERIES II,TLII,601,P,11
6,PLDT Inc.,2016-01-21 00:00:00.000,PLDT CONV. SERIES JJ,TLJJ,620,P,11
8,PTFC Redevelopment Corporation,1955-12-19 00:00:00.000,PTFC REDEVELOPMENT CORPORATION,TFC,413,S,9
628,PXP Energy Corporation,2011-09-12 00:00:00.000,PXP Energy Corporation,PXP,566,S,18
605,Pacific Online Systems Corporation,2007-04-12 00:00:00.000,PACIFIC ONLINE SYSTEMS CORPORATION,LOTO,528,S,25
109,"Pacifica Holdings, Inc.",1959-11-23 00:00:00.000,"Pacifica Holdings, Inc.",PA,342,S,8
104,Panasonic Manufacturing Philippines Corporation,1983-01-21 00:00:00.000,PANASONIC MANUFACTURING PHILIPPINES CORPORATION,PMPC,239,S,24
194,"Paxys, Inc.",1971-03-22 00:00:00.000,"PAXYS, INC.",PAX,195,S,16
617,"Pepsi-Cola Products Philippines, Inc.",2008-02-01 00:00:00.000,"PEPSI-COLA PRODUCTS PHILIPPINES, INC.",PIP,543,S,4
578,PetroEnergy Resources Corporation,2004-08-11 00:00:00.000,PETROENERGY RESOURCES CORPORATION,PERC,516,S,3
136,Petron Corporation,1994-09-07 00:00:00.000,PETRON CORPORATION,PCOR,139,S,3
136,Petron Corporation,2014-11-03 00:00:00.000,"Petron Corporation Perpetual Preferred Shares Series ""2"" - Subseries ""2A""",PRF2A,603,P,3
136,Petron Corporation,2014-11-03 00:00:00.000,"Petron Corporation Perpetual Preferred Shares Series ""2"" - Subseries ""2B""",PRF2B,602,P,3
136,Petron Corporation,2019-06-25 00:00:00.000,"Petron Corporation Perpetual Preferred Shares Series ""3"" - Subseries ""3A""",PRF3A,642,P,3
136,Petron Corporation,2019-06-25 00:00:00.000,"Petron Corporation Perpetual Preferred Shares Series ""3"" - Subseries ""3B""",PRF3B,643,P,3
122,PhilWeb Corporation,1969-12-08 00:00:00.000,PHILWEB CORPORATION,WEB,136,S,12
620,Philab Holdings Corp.,2009-09-03 00:00:00.000,PHILAB HOLDINGS CORP.,DNA,548,S,21
97,Philcomsat Holdings Corporation,1958-11-28 00:00:00.000,PHILCOMSAT HOLDINGS CORPORATION,PHC,220,S,16
137,Philex Mining Corporation,1956-11-23 00:00:00.000,PHILEX MINING CORPORATION,PX,331,S,17
208,Philippine Bank of Communications,1988-05-12 00:00:00.000,PHILIPPINE BANK OF COMMUNICATIONS,PBC,110,S,1
640,Philippine Business Bank,2013-02-19 00:00:00.000,PHILIPPINE BUSINESS BANK,PBB,583,S,1
138,Philippine Estates Corporation,1985-01-21 00:00:00.000,PHILIPPINE ESTATES CORPORATION,PHES,310,S,9
84,"Philippine Infradev Holdings, Inc.",1978-02-27 00:00:00.000,"Philippine Infradev Holdings, Inc.",IRC,337,S,9
139,Philippine National Bank,1989-06-21 00:00:00.000,PHILIPPINE NATIONAL BANK,PNB,109,S,1
7,Philippine National Construction Corporation,1974-03-13 00:00:00.000,PHILIPPINE NATIONAL CONSTRUCTION CORPORATION,PNC,151,S,5
141,"Philippine Racing Club, Inc.",1952-03-02 00:00:00.000,"PHILIPPINE RACING CLUB, INC.",PRC,257,S,25
40,Philippine Realty and Holdings Corporation,1987-09-07 00:00:00.000,PHILIPPINE REALTY & HOLDINGS CORPORATION,RLT,313,S,9
142,Philippine Savings Bank,1994-10-10 00:00:00.000,PHILIPPINE SAVINGS BANK,PSB,112,S,1
143,Philippine Seven Corporation,1998-02-04 00:00:00.000,"PHILIPPINE SEVEN CORPORATION ""COMMON""",SEVN,251,S,26
76,Philippine Telegraph and Telephone Corporation,1990-01-10 00:00:00.000,PHILIPPINE TELEGRAPH & TELEPHONE CORPORATION,PTT,132,S,11
144,Philippine Trust Company,1988-02-17 00:00:00.000,PHILIPPINE TRUST COMPANY,PTC,393,S,1
107,Phinma Corporation,1958-08-18 00:00:00.000,PHINMA CORPORATION,PHN,184,S,5
608,"Phoenix Petroleum Philippines, Inc.",2007-07-11 00:00:00.000,"PHOENIX PETROLEUM PHILIPPINES, INC.",PNX,531,S,3
608,"Phoenix Petroleum Philippines, Inc.",2015-12-18 00:00:00.000,"Phoenix Petroleum Philippines, Inc. Non-Voting Perpetual - Series ""3A"" Preferred Shares",PNX3A,618,S,3
608,"Phoenix Petroleum Philippines, Inc.",2015-12-18 00:00:00.000,"Phoenix Petroleum Philippines, Inc. Non-Voting Perpetual - Series ""3B"" Preferred Shares",PNX3B,619,S,3
608,"Phoenix Petroleum Philippines, Inc.",2019-11-07 00:00:00.000,"Phoenix Petroleum Philippines, Inc. Non-Voting Perpetual Preferred Shares Series ""4""",PNX4,648,P,3
608,"Phoenix Petroleum Philippines, Inc.",2015-01-08 00:00:00.000,"Phoenix Petroleum Philippines, Inc. Non-Voting Perpetual Preferred Shares",PNXP,600,P,3
148,Premiere Horizon Alliance Corporation,1997-05-05 00:00:00.000,PREMIERE HORIZON ALLIANCE CORPORATION,PHA,258,S,16
158,Premium Leisure Corp.,1995-08-28 00:00:00.000,Premium Leisure Corp.,PLC,344,S,25
30,"Prime Media Holdings, Inc.",1964-07-29 00:00:00.000,"PRIME MEDIA HOLDINGS, INC.",PRIM,106,S,8
111,"Primetown Property Group, Inc.",1995-12-08 00:00:00.000,"PRIMETOWN PROPERTY GROUP, INC.",PMT,311,S,9
214,Primex Corporation,2001-08-10 00:00:00.000,PRIMEX CORPORATION,PRMX,419,S,9
150,Pryce Corporation,1991-10-29 00:00:00.000,PRYCE CORPORATION,PPC,246,S,6
629,"Puregold Price Club, Inc.",2011-10-05 00:00:00.000,"PUREGOLD PRICE CLUB, INC.",PGOLD,567,S,26
77,RFM Corporation,1966-02-21 00:00:00.000,RFM CORPORATION,RFM,164,S,4
153,Republic Glass Holdings Corporation,1959-07-17 00:00:00.000,REPUBLIC GLASS HOLDINGS CORPORATION,REG,153,S,8
232,Rizal Commercial Banking Corporation,1986-11-06 00:00:00.000,RIZAL COMMERCIAL BANKING CORPORATION,RCB,113,S,1
195,Robinsons Land Corporation,1989-10-16 00:00:00.000,ROBINSONS LAND CORPORATION,RLC,312,S,9
646,"Robinsons Retail Holdings, Inc.",2013-11-11 00:00:00.000,"ROBINSONS RETAIL HOLDINGS, INC.",RRHI,589,S,26
635,Rockwell Land Corporation,2012-05-11 00:00:00.000,ROCKWELL LAND CORPORATION,ROCK,574,S,9
64,"Roxas Holdings,  Inc.",1996-08-08 00:00:00.000,"ROXAS HOLDINGS, INC.",ROX,250,S,4
54,"Roxas and Company, Inc.",1948-11-29 00:00:00.000,"ROXAS AND COMPANY, INC.",RCI,363,S,4
658,SBS Philippines Corporation,2015-08-10 00:00:00.000,SBS Philippines Corporation,SBS,612,S,16
655,SFA Semicon Philippines Corporation,2014-12-01 00:00:00.000,SFA SEMICON PHILIPPINES CORPORATION,SSP,605,S,24
664,"SHAKEY'S PIZZA ASIA VENTURES, INC.",2016-12-15 00:00:00.000,"SHAKEY'S PIZZA ASIA VENTURES, INC.",PIZZA,631,S,4
599,SM Investments Corporation,2005-03-22 00:00:00.000,SM INVESTMENTS CORPORATION,SM,520,S,8
112,"SM Prime Holdings, Inc.",1994-07-05 00:00:00.000,"SM PRIME HOLDINGS, INC.",SMPH,314,S,9
161,"SOCResources, Inc.",1994-01-05 00:00:00.000,"SOCResources, Inc.",SOC,345,S,8
237,SPC Power Corporation,2002-04-02 00:00:00.000,SPC POWER CORPORATION,SPC,466,S,3
654,"SSI Group, Inc.",2014-11-07 00:00:00.000,"SSI Group, Inc.",SSI,604,S,26
222,"STI Education Systems Holdings, Inc.",1976-10-12 00:00:00.000,"STI EDUCATION SYSTEMS HOLDINGS, INC.",STI,376,S,15
154,San Miguel Corporation,1948-11-05 00:00:00.000,SAN MIGUEL CORPORATION,SMC,165,S,8
154,San Miguel Corporation,2012-09-28 00:00:00.000,"SAN MIGUEL CORPORATION SERIES ""2"" PREFERRED SHARES - SUBSERIES ""2-A""",SMC2A,577,P,8
154,San Miguel Corporation,2012-09-28 00:00:00.000,"SAN MIGUEL CORPORATION SERIES ""2"" PREFERRED SHARES - SUBSERIES ""2-B""",SMC2B,578,P,8
154,San Miguel Corporation,2012-09-28 00:00:00.000,"SAN MIGUEL CORPORATION SERIES ""2"" PREFERRED SHARES - SUBSERIES ""2-C""",SMC2C,579,P,8
154,San Miguel Corporation,2015-09-21 00:00:00.000,"SAN MIGUEL CORPORATION SERIES ""2"" PREFERRED SHARES - SUBSERIES ""2-D""",SMC2D,613,P,8
154,San Miguel Corporation,2015-09-21 00:00:00.000,"SAN MIGUEL CORPORATION SERIES ""2"" PREFERRED SHARES - SUBSERIES ""2-E""",SMC2E,614,P,8
154,San Miguel Corporation,2015-09-21 00:00:00.000,"SAN MIGUEL CORPORATION SERIES ""2"" PREFERRED SHARES - SUBSERIES ""2-F""",SMC2F,615,P,8
154,San Miguel Corporation,2016-03-30 00:00:00.000,"SAN MIGUEL CORPORATION SERIES ""2"" PREFERRED SHARES - SUBSERIES ""2-G""",SMC2G,621,P,8
154,San Miguel Corporation,2016-03-30 00:00:00.000,"SAN MIGUEL CORPORATION SERIES ""2"" PREFERRED SHARES - SUBSERIES ""2-H""",SMC2H,622,P,8
154,San Miguel Corporation,2016-03-30 00:00:00.000,"SAN MIGUEL CORPORATION SERIES ""2"" PREFERRED SHARES - SUBSERIES ""2-I""",SMC2I,623,P,8
154,San Miguel Corporation,2010-12-08 00:00:00.000,"SAN MIGUEL CORPORATION PREF. SERIES ""1""",SMCP1,562,P,8
151,"San Miguel Food and Beverage, Inc.",1973-04-02 00:00:00.000,"San Miguel Food and Beverage, Inc.",FB,161,S,4
151,"San Miguel Food and Beverage, Inc.",2011-03-03 00:00:00.000,"San Miguel Food and Beverage, Inc. - Preferred",FBP,565,P,4
151,"San Miguel Food and Beverage, Inc.",2015-03-12 00:00:00.000,"San Miguel Food and Beverage, Inc. Perpetual Preferred Shares Series ""2""",FBP2,610,P,4
156,Seafront Resources Corporation,1974-05-07 00:00:00.000,SEAFRONT RESOURCES CORPORATION,SPM,223,S,8
32,Security Bank Corporation,1995-06-08 00:00:00.000,SECURITY BANK CORPORATION,SECB,114,S,1
157,Semirara Mining and Power Corporation,1983-11-28 00:00:00.000,Semirara Mining and Power Corporation,SCC,396,S,17
218,"Shang Properties, Inc.",1991-06-13 00:00:00.000,"SHANG PROPERTIES, INC.",SHNG,301,S,9
160,"Solid Group, Inc.",1948-04-26 00:00:00.000,"SOLID GROUP, INC.",SGI,224,S,8
41,"Sta. Lucia Land, Inc.",1987-09-14 00:00:00.000,"STA. LUCIA LAND, INC.",SLI,417,S,9
164,Steniel Manufacturing Corporation,1993-11-22 00:00:00.000,STENIEL MANUFACTURING CORPORATION,STN,249,S,7
78,Sun Life Financial Inc.,2000-03-24 00:00:00.000,"SUN LIFE FINANCIAL, INC.",SLF,122,S,2
73,"Suntrust Home Developers, Inc.",1959-02-11 00:00:00.000,"SUNTRUST HOME DEVELOPERS, INC.",SUN,254,S,9
479,Supercity Realty Development Corporation,2003-12-19 00:00:00.000,SUPERCITY REALTY DEVELOPMENT CORPORATION,SRDC,513,S,5
165,"Swift Foods, Inc.",1994-11-15 00:00:00.000,"SWIFT FOODS, INC.",SFI,402,S,4
165,"Swift Foods, Inc.",2000-03-17 00:00:00.000,"SWIFT FOODS, INC. - CONVERTIBLE PREFERRED",SFIP,455,P,4
166,"Synergy Grid & Development Phils., Inc.",1972-05-10 00:00:00.000,"SYNERGY GRID & DEVELOPMENT PHILS., INC.",SGP,385,S,8
163,TKC Metals Corporation,2001-07-20 00:00:00.000,TKC METALS CORPORATION,T,418,S,5
478,"The Philippine Stock Exchange, Inc.",2003-12-15 00:00:00.000,"THE PHILIPPINE STOCK EXCHANGE, INC.",PSE,512,S,2
45,The Philodrill Corporation,1969-09-25 00:00:00.000,THE PHILODRILL CORPORATION,OV,341,S,18
650,"Top Frontier Investment Holdings, Inc.",2014-01-13 00:00:00.000,"TOP FRONTIER INVESTMENT HOLDINGS, INC.",TFHI,595,S,8
269,Transpacific Broadband Group Int`l. Inc.,2003-12-12 00:00:00.000,"TRANSPACIFIC BROADBAND GROUP INTERNATIONAL, INC.",TBGI,511,S,12
92,"Unioil Resources & Holdings Company, Inc.",1987-07-27 00:00:00.000,"UNIOIL RESOURCES & HOLDINGS COMPANY, INC.",UNI,227,S,8
167,"Union Bank of the Philippines, Inc.",1992-06-29 00:00:00.000,UNION BANK OF THE PHILIPPINES,UBP,115,S,1
168,United Paragon Mining Corporation,1973-04-02 00:00:00.000,UNITED PARAGON MINING CORPORATION,UPM,334,S,17
124,Universal Robina Corporation,1994-03-25 00:00:00.000,UNIVERSAL ROBINA CORPORATION,URC,167,S,4
65,"Vantage Equities, Inc.",1993-03-30 00:00:00.000,"VANTAGE EQUITIES, INC.",V,135,S,2
123,"Victorias Milling Company, Inc.",1993-11-15 00:00:00.000,"VICTORIAS MILLING COMPANY, INC.",VMC,415,S,4
607,"Vista Land & Lifescapes, Inc.",2007-06-25 00:00:00.000,"VISTA LAND & LIFESCAPES, INC.",VLL,530,S,9
147,"Vistamalls, Inc.",1970-11-17 00:00:00.000,"Vistamalls, Inc.",STR,333,S,9
28,Vitarich Corporation,1995-02-08 00:00:00.000,VITARICH CORPORATION,VITA,168,S,4
79,Vivant Corporation,1994-06-23 00:00:00.000,VIVANT CORPORATION,VVT,133,S,3
46,Vulcan Industrial & Mining Corporation,1970-08-31 00:00:00.000,VULCAN INDUSTRIAL & MINING,VUL,346,S,5
173,"Waterfront Philippines, Incorporated",1995-03-17 00:00:00.000,"WATERFRONT PHILIPPINES, INC.",WPI,228,S,14
90,"Wellex Industries, Incorporated",1958-01-09 00:00:00.000,"WELLEX INDUSTRIES, INC.",WIN,229,S,8
665,"Wilcon Depot, Inc.",2017-03-31 00:00:00.000,"WILCON DEPOT, INC.",WLCON,632,S,26
656,Xurpas Inc.,2014-12-02 00:00:00.000,Xurpas Inc.,X,607,S,21
89,"Zeus Holdings, Inc.",1991-07-15 00:00:00.000,"ZEUS HOLDINGS, INC.",ZHI,232,S,8
85,"iPeople, inc.",1990-01-24 00:00:00.000,"IPEOPLE, INC.",IPO,205,S,15
